{
    "Ar36": {
        "error": 0.00036509304448163212, 
        "fit": "parabolic", 
        "value": 0.030000499706447248
    }, 
    "Ar37": {
        "error": 0.012430100486658654, 
        "fit": "linear", 
        "value": 1.1758883971402556
    }, 
    "Ar38": {
        "error": 0.02163467605305433, 
        "fit": "linear", 
        "value": 5.1939081527203577
    }, 
    "Ar39": {
        "error": 0.029753106488503638, 
        "fit": "parabolic", 
        "value": 429.52974025940807
    }, 
    "Ar40": {
        "error": 0.1165085438529645, 
        "fit": "parabolic", 
        "value": 3427.1535256182792
    }, 
    "Ar41": {
        "error": 0.0054196292621284141, 
        "fit": "average_SEM", 
        "value": -0.020513867528259674
    }
}