{
    "Ar36": {
        "error": 0.0019855124006127219, 
        "fit": "parabolic", 
        "value": 0.016664929614012388
    }, 
    "Ar37": {
        "error": 0.13111561088682147, 
        "fit": "linear", 
        "value": 0.58176327653465565
    }, 
    "Ar38": {
        "error": 0.15869472801061302, 
        "fit": "linear", 
        "value": 4.2299865100930507
    }, 
    "Ar39": {
        "error": 0.16729576829110096, 
        "fit": "parabolic", 
        "value": 339.1990814811561
    }, 
    "Ar40": {
        "error": 0.66007966326809264, 
        "fit": "parabolic", 
        "value": 2725.009281770122
    }, 
    "Ar41": {
        "error": 0.11916836226309341, 
        "fit": "average_SEM", 
        "value": -0.18050370820128592
    }
}