{
    "Ar36": {
        "error": 0.0012697186315750704, 
        "fit": "Parabolic", 
        "value": 0.0074790932423882094
    }, 
    "Ar37": {
        "error": 0.045529608655992933, 
        "fit": "linear", 
        "value": 0.050342598230128481
    }, 
    "Ar38": {
        "error": 0.092593661460293505, 
        "fit": "linear", 
        "value": 2.7798709092772471
    }, 
    "Ar39": {
        "error": 0.1297120806626616, 
        "fit": "Parabolic", 
        "value": 215.91607106383083
    }, 
    "Ar40": {
        "error": 0.32409083837270153, 
        "fit": "Parabolic", 
        "value": 1733.5994559962205
    }, 
    "Ar41": {
        "error": 0.10390057566450864, 
        "fit": "linear", 
        "value": 0.5550592399268115
    }
}