{
    "Ar36": {
        "error": 0.0013740954339050572, 
        "fit": "Parabolic", 
        "value": 0.01008723839774817
    }, 
    "Ar37": {
        "error": 0.045191362916261919, 
        "fit": "linear", 
        "value": 0.061326013687636412
    }, 
    "Ar38": {
        "error": 0.092318130444786636, 
        "fit": "linear", 
        "value": 3.752178739877432
    }, 
    "Ar39": {
        "error": 0.14142309729936658, 
        "fit": "Parabolic", 
        "value": 291.70573815970079
    }, 
    "Ar40": {
        "error": 0.44353623937359976, 
        "fit": "Parabolic", 
        "value": 2337.3878531450014
    }, 
    "Ar41": {
        "error": 0.10525606847247913, 
        "fit": "linear", 
        "value": 0.56020719580580591
    }
}