{
    "Ar36": {
        "error": 0.0015769203535623861, 
        "fit": "parabolic", 
        "value": 0.0077674200631470758
    }, 
    "Ar37": {
        "error": 0.1362858865169897, 
        "fit": "linear", 
        "value": 0.36330174387821601
    }, 
    "Ar38": {
        "error": 0.12298803375479031, 
        "fit": "linear", 
        "value": 2.252417067415124
    }, 
    "Ar39": {
        "error": 0.13003108333195187, 
        "fit": "parabolic", 
        "value": 180.23086819019065
    }, 
    "Ar40": {
        "error": 0.46955234812781138, 
        "fit": "parabolic", 
        "value": 1445.8027994346949
    }, 
    "Ar41": {
        "error": 0.13090818109889502, 
        "fit": "average_SEM", 
        "value": -0.17108800238096591
    }
}