{
    "Ar36": {
        "error": 0.0017277609326162436, 
        "fit": "parabolic", 
        "value": 0.012577641789095404
    }, 
    "Ar37": {
        "error": 0.13029890388100659, 
        "fit": "linear", 
        "value": -0.0068958781609357641
    }, 
    "Ar38": {
        "error": 0.32567166314314078, 
        "fit": "linear", 
        "value": 2.5129309644065465
    }, 
    "Ar39": {
        "error": 0.14802149780816198, 
        "fit": "parabolic", 
        "value": 227.28322929650471
    }, 
    "Ar40": {
        "error": 0.53949571259410634, 
        "fit": "parabolic", 
        "value": 1819.6254907634493
    }, 
    "Ar41": {
        "error": 0.1337682373631697, 
        "fit": "average_SEM", 
        "value": -0.4605654770322144
    }
}