{
    "Ar36": {
        "error": 0.00086363849639317387, 
        "fit": "parabolic", 
        "value": 0.0007352032697559715
    }, 
    "Ar37": {
        "error": 0.1315382366023358, 
        "fit": "linear", 
        "value": 0.16218937713104342
    }, 
    "Ar38": {
        "error": 0.13232591702010271, 
        "fit": "linear", 
        "value": 0.072250729265495112
    }, 
    "Ar39": {
        "error": 0.062952948015256666, 
        "fit": "parabolic", 
        "value": -0.010815748497493109
    }, 
    "Ar40": {
        "error": 0.12982716551049087, 
        "fit": "parabolic", 
        "value": 0.21955107178103081
    }, 
    "Ar41": {
        "error": 0.13029786283079114, 
        "fit": "average_SEM", 
        "value": -0.094243497548886807
    }
}