{
    "Ar36": {
        "error": 0.0017350035126877876, 
        "fit": "parabolic", 
        "value": 0.01266679567140221
    }, 
    "Ar37": {
        "error": 0.1373161018139164, 
        "fit": "linear", 
        "value": 0.78789732546941238
    }, 
    "Ar38": {
        "error": 0.26468775611773238, 
        "fit": "linear", 
        "value": 2.8993520986787935
    }, 
    "Ar39": {
        "error": 0.13619447226920536, 
        "fit": "parabolic", 
        "value": 223.31635544490223
    }, 
    "Ar40": {
        "error": 0.51829112860904947, 
        "fit": "parabolic", 
        "value": 1777.2449847619764
    }, 
    "Ar41": {
        "error": 0.12223837831445905, 
        "fit": "average_SEM", 
        "value": -0.018984627625904978
    }
}