{
    "Ar36": {
        "error": 0.0017679311612634127, 
        "fit": "linear", 
        "value": 0.011550293869810739
    }, 
    "Ar37": {
        "error": 0.15220559469478101, 
        "fit": "linear", 
        "value": 1.044981591845576
    }, 
    "Ar38": {
        "error": 0.14767900497508121, 
        "fit": "linear", 
        "value": 3.2724746151469528
    }, 
    "Ar39": {
        "error": 0.17531750306668425, 
        "fit": "linear", 
        "value": 282.30198613556536
    }, 
    "Ar40": {
        "error": 0.58708755981323901, 
        "fit": "linear", 
        "value": 2256.4856067096807
    }, 
    "Ar41": {
        "error": 0.12661053063015593, 
        "fit": "average_SEM", 
        "value": -0.15780641456910718
    }
}