{
    "Ar36": {
        "error": 0.0017152068516668531, 
        "fit": "linear", 
        "value": 0.011442461527221379
    }, 
    "Ar37": {
        "error": 0.13927103165490037, 
        "fit": "linear", 
        "value": 0.61520463171446027
    }, 
    "Ar38": {
        "error": 0.14857053761754754, 
        "fit": "linear", 
        "value": 2.8040510095720097
    }, 
    "Ar39": {
        "error": 0.16294213680413294, 
        "fit": "linear", 
        "value": 237.34062347606852
    }, 
    "Ar40": {
        "error": 0.60643253183860435, 
        "fit": "linear", 
        "value": 1886.3558768795783
    }, 
    "Ar41": {
        "error": 0.14298517647085873, 
        "fit": "average_SEM", 
        "value": -0.36093426413834095
    }
}