{
    "Ar36": {
        "error": 0.0050102768276629548, 
        "fit": "Parabolic", 
        "value": 0.24763633676798424
    }, 
    "Ar37": {
        "error": 0.049297939446226013, 
        "fit": "linear", 
        "value": 0.022678175365946688
    }, 
    "Ar38": {
        "error": 0.091354793427383521, 
        "fit": "linear", 
        "value": 0.11065780231696239
    }, 
    "Ar39": {
        "error": 0.050758205416167185, 
        "fit": "Parabolic", 
        "value": 0.0094783852522551029
    }, 
    "Ar40": {
        "error": 0.077064540338486878, 
        "fit": "Parabolic", 
        "value": 75.426432990440503
    }, 
    "Ar41": {
        "error": 0.10578632817213468, 
        "fit": "linear", 
        "value": 0.42852697397014594
    }
}