{
    "Ar40": {
        "error": 0.55983995232870254, 
        "fit": "parabolic", 
        "value": 1175.266454069787
    }
}