{
    "Ar36": {
        "error": 0.0012578514590126731, 
        "fit": "parabolic", 
        "value": 0.0068878817151095915
    }, 
    "Ar37": {
        "error": 0.13526288911819159, 
        "fit": "linear", 
        "value": -0.18220944196971089
    }, 
    "Ar38": {
        "error": 0.22320944515166374, 
        "fit": "linear", 
        "value": -0.1405393448585211
    }, 
    "Ar39": {
        "error": 0.061047903139196051, 
        "fit": "parabolic", 
        "value": 0.030533150085289083
    }, 
    "Ar40": {
        "error": 0.13250330945657204, 
        "fit": "parabolic", 
        "value": 1.8111031219147709
    }, 
    "Ar41": {
        "error": 0.11989507442220705, 
        "fit": "average_SEM", 
        "value": -0.12051271315638587
    }
}