{
    "Ar36": {
        "error": 0.0016421564207997918, 
        "fit": "parabolic", 
        "value": 0.014761388446699657
    }, 
    "Ar37": {
        "error": 0.13839055798536723, 
        "fit": "linear", 
        "value": 0.05499035063411821
    }, 
    "Ar38": {
        "error": 0.13114122876172102, 
        "fit": "linear", 
        "value": 0.041450660382884238
    }, 
    "Ar39": {
        "error": 0.058149594044585751, 
        "fit": "parabolic", 
        "value": -0.0058194862338262635
    }, 
    "Ar40": {
        "error": 0.13366823103742939, 
        "fit": "parabolic", 
        "value": 4.5687854463669701
    }, 
    "Ar41": {
        "error": 0.12879159021935227, 
        "fit": "average_SEM", 
        "value": 0.044421397496844289
    }
}